{"entities":{"pages":{"starter-topic":{"id":"starter-topic","title":"Welcome to Modern Docking","url":"starter-topic.html","level":0,"tabIndex":0},"User-Facing-Features":{"id":"User-Facing-Features","title":"User Facing Features","url":"user-facing-features.html","level":0,"tabIndex":1},"Modern-Docking-API":{"id":"Modern-Docking-API","title":"Modern Docking API","url":"modern-docking-api.html","level":0,"pages":["Dockable-Properties","Hello-World","Dockable-Interface","Docking-Programatically","Menu-Items","Customization-Points","Exceptions","Events","Working-With-Layouts","Persistence","Look-and-Feel"],"tabIndex":2},"Dockable-Properties":{"id":"Dockable-Properties","title":"Dockable Properties","url":"dockable-properties.html","level":1,"parentId":"Modern-Docking-API","tabIndex":0},"Hello-World":{"id":"Hello-World","title":"Hello World","url":"hello-world.html","level":1,"parentId":"Modern-Docking-API","tabIndex":1},"Dockable-Interface":{"id":"Dockable-Interface","title":"Dockable Interface","url":"dockable-interface.html","level":1,"parentId":"Modern-Docking-API","tabIndex":2},"Docking-Programatically":{"id":"Docking-Programatically","title":"Docking Programmatically","url":"docking-programatically.html","level":1,"parentId":"Modern-Docking-API","tabIndex":3},"Menu-Items":{"id":"Menu-Items","title":"Menu Items","url":"menu-items.html","level":1,"parentId":"Modern-Docking-API","tabIndex":4},"Customization-Points":{"id":"Customization-Points","title":"Customization Points","url":"customization-points.html","level":1,"parentId":"Modern-Docking-API","tabIndex":5},"Exceptions":{"id":"Exceptions","title":"Exceptions","url":"exceptions.html","level":1,"parentId":"Modern-Docking-API","tabIndex":6},"Events":{"id":"Events","title":"Events","url":"events.html","level":1,"parentId":"Modern-Docking-API","tabIndex":7},"Working-With-Layouts":{"id":"Working-With-Layouts","title":"Working With Layouts","url":"working-with-layouts.html","level":1,"parentId":"Modern-Docking-API","tabIndex":8},"Persistence":{"id":"Persistence","title":"Persistence","url":"persistence.html","level":1,"parentId":"Modern-Docking-API","tabIndex":9},"Look-and-Feel":{"id":"Look-and-Feel","title":"Look and Feel","url":"look-and-feel.html","level":1,"parentId":"Modern-Docking-API","tabIndex":10},"Modern-Docking-UI":{"id":"Modern-Docking-UI","title":"Modern Docking UI","url":"modern-docking-ui.html","level":0,"tabIndex":3}}},"topLevelIds":["starter-topic","User-Facing-Features","Modern-Docking-API","Modern-Docking-UI"]}